cluster,cluster_name,neighborhoods,avg_stress_index,avg_total_crimes,avg_violent_crime_rate,avg_311_requests
1,Low Stress Residential,3,6.712545015584033,11337,24.888219987993118,5703.333333333333
3,High Crime Areas,4,3.428171832951955,3157,25.331567849809385,1585.5
2,Moderate Mixed Areas,1,3,51,29.411764705882355,14
4,High Service Need Areas,3,0.608174989401927,1102,15.984691459652876,511.3333333333333
