composite_stress_index,total_crimes,violent_crime_rate,total_311_requests,abandoned_vehicles,maintenance_issues,abandonment_rate,maintenance_rate
1,0.9235262235732046,0.6396612320935456,0.9014893978029564,0.867005521864803,0.9193180095409513,-0.004371736567919076,-0.3652458541379956
0.9235262235732046,1,0.2990377935058709,0.98185000994128,0.9310396640726532,0.992891110628278,0.006217916285073223,-0.5412644856219623
0.6396612320935456,0.2990377935058709,1,0.25954244861238646,0.3192266830051853,0.29289557558078744,0.030415485126453774,0.2031606372212813
0.9014893978029564,0.98185000994128,0.25954244861238646,1,0.874582031991072,0.9915264949098199,-0.08462812524157366,-0.591299959394524
0.867005521864803,0.9310396640726532,0.3192266830051853,0.874582031991072,1,0.9037767526822141,0.2776470040896536,-0.5066246416540706
0.9193180095409513,0.992891110628278,0.29289557558078744,0.9915264949098199,0.9037767526822141,1,-0.039904528497880655,-0.5526790806225603
-0.004371736567919076,0.006217916285073223,0.030415485126453774,-0.08462812524157366,0.2776470040896536,-0.039904528497880655,1,-0.24790681792287703
-0.3652458541379956,-0.5412644856219623,0.2031606372212813,-0.591299959394524,-0.5066246416540706,-0.5526790806225603,-0.24790681792287703,1
