metric,value
Total 3-year investment,2000000
Annual healthcare savings,1586694384.8684216
Additional annual savings,525000
Total annual savings,1587219384.8684216
5-year total savings,7936096924.342108
Net 5-year benefit,7934096924.342108
ROI (5-year),396704.8462171054
Payback period (years),0.0012600652556708771
