final_embodied_stress_index,crime_embodied_stress,environmental_embodied_stress,child_embodied_stress,health_stress_score,biometric_stress_standardized
1,0.8185755457455081,0.7031647978990601,0.8519193068083064,0.787430588750199,0.8106177892978571
0.8185755457455081,1,0.8907453227757912,0.5541512535937047,0.3313805107622625,0.3707992481828416
0.7031647978990601,0.8907453227757912,1,0.3862528478580303,0.15160312183902513,0.17755367100406586
0.8519193068083064,0.5541512535937047,0.3862528478580303,1,0.7765796837965795,0.8199651429811666
0.787430588750199,0.3313805107622625,0.15160312183902513,0.7765796837965795,1,0.9795730058850751
0.8106177892978571,0.3707992481828416,0.17755367100406586,0.8199651429811666,0.9795730058850751,1
